{
  "mean": [
    0.3768974102969375,
    0.39511948100402594,
    0.3793850720213931
  ],
  "std": [
    0.3102689682988958,
    0.31800880157902867,
    0.3263089988738912
  ],
  "num_unique_frames": 800,
  "num_samples": 200
}