{
  "mean": [
    0.37707078364477203,
    0.39516403880415923,
    0.3792252433014829
  ],
  "std": [
    0.31032653853778036,
    0.31796655790815304,
    0.32610156522216655
  ],
  "num_unique_frames": 800,
  "num_samples": 200
}